index,premise,hypothesis,true_label
0,This church choir sings to the masses as they sing joyous songs from the book at a church.,The church has cracks in the ceiling.,1
12,A land rover is being driven across a river.,A Land Rover is splashing water as it crosses a river.,0
20,A blond-haired doctor and her African american assistant looking threw new medical manuals.,A doctor is studying,1
43,Male in a blue jacket decides to lay in the grass.,The guy wearing a blue jacket is laying on the green grass,0
46,During calf roping a cowboy calls off his horse.,A man ropes a calf successfully.,2
67,A snowboarder on a wide plain of snow,A snowmobile in a blizzard,1
108,Three boys in white shirts are walking behind an older model Ford car.,The boys are on the street,0
113,A crowd of people looking up at 3 people on the edge of the roof of a building.,The crowd on the ground is watching 3 people on the roof's edge.,0
148,A person with a purple shirt is painting an image of a woman on a white wall.,A woman paints a portrait of a person.,1
183,Six dogs swimming in a river.,Six dogs swim across the river.,1
211,This child is on the library steps.,The child is on the steps inside the library.,1
242,"A man, woman, and child get their picture taken in front of the mountains.",A family on vacation is posing.,0
285,A group of people gathered at night watching an event.,A group of humans are looking at the same direction.,1
300,A person in a red shirt is mowing the grass with a green riding mower.,A person in red is moving grass on a John Deer motor.,1
302,Group of people wearing black shirts riding in an open top vehicle.,A group of people go down the road in a convertible.,0
304,Group of people wearing black shirts riding in an open top vehicle.,Froends ride in an open top vehicle together.,1
347,People are on an escalator waiting to get to their destination while looking outside of the glass that makes up the wall.,The people are going up on the escalator.,1
356,A birthday party for many little people to enjoy.,Children enjoying a birthday party.,1
358,A birthday party for many little people to enjoy.,Children at a birthday party.,1
372,Everyone on the street in the city seem to be busy doing their own thing.,People are conducting business in the city.,0
379,Several women are playing volleyball.,They women are hitting a ball with their arms,0
397,Four men playing drums in very orange lighting while one of them is also drinking something out of a bottle.,the men are musicians,0
416,A golden retriever nurses puppies.,Puppies next to their mother,0
437,A standing man talks to a seated woman while on some sort of vehicle.,Three people are having a meeting.,2
456,Several men at a bar watch a sports game on the television.,The men are at a baseball game.,2
469,A crowded city street with lots of pedestrians.,There alot of motorcyclists on this road.,1
476,A group of people are in a rowboat in the ocean surrounded by seagulls.,A bunch of people are in a wooden object on the water.,1
558,Boys with their backs against an incoming wave.,A group of people sit on the beach.,1
561,Four boys are about to be hit by an approaching wave.,A giant wave is about to crash on some boys.,0
573,A hockey player in helmet.,Players are wearing helmet.,1
596,A group of people stand near and on a large black square on the ground with some yellow writing on it.,a group of people stand,1
621,"A group of seven individuals wearing rafting gear, white water raft down a river.",There are people in an inflatable boat.,0
624,Two little boys wearing athletic jerseys are washing their hands in a public restroom.,The boys had unclean hands.,0
634,Two men wearing dirty clothing are sitting on a sidewalk with their dog and begging for money using a cardboard sign.,These two illiterate men convinced their dog to write a panhandling sign for them.,2
661,A man and a child are purchasing ice cream from a man with a hand pushed ice cream cart.,People are buying food from a street vendor.,0
683,A boy swims shirtless with a black and red bathing suit while a seagull sits on the sand.,A boy swims while a seagull shits on the sand.,1
686,Here is a picture of people getting drunk at a house party.,Some people are by the side of a swimming pool partying.,1
699,A variety of people are sitting around a tale doing craft projects.,The people are creative.,1
704,A pro-baseball pitcher sends a curve ball to his opponent while many fans relax and enjoy the game.,A pitcher is playing baseball at a stadium,0
707,A family walking with a soldier.,A few people walk with a man in uniform.,1
730,"A female runner dressed in blue athletic wear is running in a competition, while spectators line the street.",There are children in the streets.,2
746,A crowd wearing orange cheering for their team in a stadium.,Fans cheering on their team at the big game.,0
755,A worker peers out from atop a building under construction.,A man is atop of a building.,1
810,A person is sitting in front of a graffiti covered wall.,A person is sitting outside,1
828,"A man is shooting a gun outdoors, on what looks like a beautiful sunny day.",A man is shooting a gun at targets on a nice day.,0
833,"Five young men are in a loft, with one holding a whiteboard and one making a shaka sign in front of the television.",Five men watch tv.,1
835,"Five young men are in a loft, with one holding a whiteboard and one making a shaka sign in front of the television.",Some people are at work.,2
840,"People seated at long tables all facing the same direction, some writing and some watching.",A group of people are sitting at the tables sharing a meal.,2
856,A car is loaded with items on the top.,The car is a convertible.,2
857,A man wearing a snorkel and goggles gives a thumbs up as he and another person speed through the water.,There are two guys above the water.,1
875,"A man is sitting on the floor, sleeping.",A young man is sleeping while in the sitting position.,0
905,A man is riding a bike along a dirt trail.,The man is riding a dirt bike.,1
931,A wet child stands in chest deep ocean water.,The child s playing on the beach.,0
988,A Skier ski-jumping while two other skiers watch his act.,A skier preparing a trick,0
993,Three children hold a boy's arms down while another boy in a hat shoots a water gun at him.,The boy holds down his laughing nephew as his sister sprays him with water.,2
995,Three children hold a boy's arms down while another boy in a hat shoots a water gun at him.,There are five children.,0
1041,"A closeup view of a guitarist in a red shirt standing outside, with a group of children playing around him.",A male guitarist playing his intrument for children.,0
1098,A bare chested smiling child plays in water.,There is a child getting naked in the water.,1
1099,A bare chested smiling child plays in water.,There is a naked child in the water.,1
1126,A woman is in the middle of hitting a tennis ball.,A woman had a tennis racquet.,1
1162,skateboarder sliding down a ramp,A skateboarder is taking pictures of himself with his phone.,1
1164,A person dressed in winter clothes poses with a snowman surrounded by snow covered landscape.,A snowman is taking photos of his friends.,2
1203,A man in a market holding some very large green onions while smoking a cigarette.,A man is shopping in a grocery store.,1
1222,San Fransisco 49ers football field with cheerleaders and a packed stadium.,A popular football team in California has many fans.,1
1253,A man in aerodynamic gear riding a bicycle down a road around a sharp curve.,the man is going to the store,2
1275,A tattooed man posing with a woman carrying a yellow handbag.,The couple poses together.,1
1279,"Two woman, one wearing a blue striped shirt and the other wearing a flowered shirt, are riding horses.",Women are outside at a riding competition where they watch men compete.,2
1336,A guy in glasses is biting into a pink marshmallow chick while somebody else is puckering their lips out wanting a bite.,A guy bites into a freshly opened marshmallow chick,0
1350,"An organ grinder, in World War I helmet and clown makeup, speaks to an older man in a blue, striped polo shirt.","Two men are seated on a park bench, one in clown makeup and the other in a striped polo shirt.",0
1405,3 girls chatting and laughing on the stairwell.,A group of girls are having fun.,1
1409,Shipyard workers are standing around.,Shipyard workers are unloading the ships,2
1413,A skateboarder getting ready to perform on a half-tube rink where there are trees in the background.,A skateboarder stands on top of a halfpipe about to jump down.,0
1423,A person crossing a bridge with train tracks.,There was a woman tip-toeing across the train tracks.,2
1475,"Two black labs run, one carrying an orange dog toy.",The dogs are chasing a rabbit.,2
1493,The man is sweeping with a red broom.,The man is sweeping dirt,0
1540,A man shows off his spider-web face paint.,A person shows some people his face painting.,0
1550,A young boy holding a red toy wearing green snowman and reindeer pajamas with an older woman on a couch behind him.,The young boy is asleep while the woman is watching television.,1
1561,Pedestrians are gazing at a display of books set out on a sidewalk under a tree.,People are standing on a sidewalk.,1
1571,A young boy runs across a road in front of a sky blue building with barred windows.,A boy runs across a road in front of an abandoned building.,0
1598,The man is trying to make a pottery that he can market soon.,An old man is making pottery to sell.,0
1621,A person taking pictures of a young brunette girl.,A photographer is working.,1
1638,A man and his son riding bikes down the sidewalk.,a man and a boy were riding bikes through town on the sidewalk,0
1677,A classroom of mostly women is being shown a presentation.,The college class of mostly females watched a presentation.,0
1695,A blond woman in a white shirt demonstrates her talents to a crowd.,The woman is a street performer.,0
1717,A man wearing black pants rides along a concrete ledge on rollerblades.,The roller blade wheels are square.,2
1732,A man wearing a kilt has thrown a large pole.,A man is wearing a skirt.,0
1752,A caucasian man wearing red plaid bottoms and a black vest with large buttons with a tattoo on one arm has an upside down unicycle balancing on his mouth.,A man is riding a unicycle.,2
1757,A young man waits on a bench with his bag behind a few advertisements in London.,A young man waits outdoors in London on a bench.,1
1779,A concert with a blue shirted boy in the front and light shining in the back,The moment the fan saw the light,2
1780,A concert with a blue shirted boy in the front and light shining in the back,The moment has it's fan,2
1841,Two workers with leaf blowers blow orange leaves off patches of grass next to a wet sidewalk.,Two workers with leaf blowers blow leaves at each other for  fun,2
1852,Workers wearing orange vests work on fence.,Guys working outside.,1
1880,"A toddler, sitting next to another girl who is slightly older, is using a bubble machine to blow a large bubble into the air.",The bubble machine makes candy.,2
1915,A child buried in the sand.,The child is dead.,2
1927,"A guy on Rollerblades, sliding across a rail.",The skateboarder rides the rail.,0
1964,A small child is riding in a red wagon.,A kid is playing inside the house.,1
2031,An Asian woman in a hat is measuring food from barrels with a ladle into a smaller metal pan.,A woman is handling food containers.,1
2036,A lady in a blue and white tube top takes her own picture with a disposable camera while another lady with a bag flashes a piece sign in the background.,A lady is filming the party.,2
2043,Boy with red shorts getting soaked with water.,A boy is getting splashed.,1
2050,A tennis player in blue shorts and a white shirt making an aggressive backhand swing towards the tennis ball.,A person is standing on a tennis court.,1
2068,The man in the brown shirt is holding the hand of the long-haired child in front of a painting.,A male has clothes on with his hand holding another young male in front of a painting.,1
2152,A man in a colorful shirt and a lady in a white blouse sign copies of books for people.,Two people sign copies of their latest novel.,0
2160,Two men playing in a beautiful lake surrounded by mountains.,A couple people enjoy the water near the mountains.,1
2172,A person lies in a grassy area near a building.,A man is outside.,1
2186,"Two skateboarders, one wearing a black t-shirt and the other wearing a white t-shirt, race each other.",Two snowboarders race.,0
2190,A smiling woman and man are seated in front of a microphone in a music studio.,the woman is happy.,1
2220,A man is painting a city scene on a canvas in the street.,A man is painting some dolphins.,1
2225,A train conductor in coveralls is standing in the door of the trail.,The conductor is walking in a field.,1
2226,A train conductor in coveralls is standing in the door of the trail.,A man is wearing coveralls.,1
2284,A lady in a white religious gown is being questioned by many people as she walks.,a princess in white dress was there in crowd,1
2357,A man in a black jacket standing beside a green mailbox thoroughly soiled by a group of pigeons that are nearby.,A man is outdoors,1
2450,"A bicycle rider wearing racing gear pedals a yellow bike past the wire fence at the edge of a field, with a stand of trees in the background.",Someone was trying to take a shortcut home.,2
2477,A man looks mysterious in a blue shirt and a red truck for a company called Wilbert.,A man approaches a woman's house on business.,1
2486,A boy is running in a spinning metal tunnel in the playground.,He is outside.,1
2487,A boy is running in a spinning metal tunnel in the playground.,He can carry the tunnel home.,2
2507,A nurse is listening to another women's heartbeat with a stethoscope.,A woman in the doctors office.,0
2510,A boy and a woman are on top of large rocks at sunset.,The sun is at its highest point of the day.,2
2511,A boy and a woman are on top of large rocks at sunset.,The faces of the people are visible,1
2540,"Two cars, one red and one blue, race each other in a very tight and competitive nature as fans stand by and watch.",The red and blue cars are racing for the finish line.,0
2578,Women enjoying a game of table tennis.,Women are playing ping pong.,0
2584,An elderly woman wearing a skirt is picking out vegetables at a local market.,This woman is on a shopping trip.,0
2609,The number eight rollerskater is taking the lead and pulling away from her black and red dressed opponents.,A rollerskater behind the pack.,1
2628,people standing at a beach with Cameras.,A group of people standing at a beach filled with cameras.,1
2637,Two individuals use a photo kiosk,The people are together,1
2651,A large crowd is gathered outside and one woman is yelling.,A group of protestors engages with a woman inside an auditorium.,1
2687,A basketball player in white in red goes up for the shot as two defensive men in red jump up to block the shot.,The basketball player on the white team makes the basket.,2
2700,A man in a tank top fixing himself a hotdog.,the child was happy`,2
2701,A man in a tank top fixing himself a hotdog.,two girls were ther,2
2705,"A man on a bicycle, wearing cycle gear, riding at a fast past down paved trail surrounded by tree's and grass.",The man is riding on the sidewalk.,1
2717,"A man, wearing a cap, is pushing a cart, on which large display boards are kept, on a road.",The person is stealing display boards.,1
2757,"A man and woman in formal attire are standing in a high grass meadow, posing for the photographer, and she has two of her fingers up on one hand behind his head.",A couple are having a photoshoot.,0
2783,A red truck is parked next to a burning blue building while a man in a green vest runs toward it.,The burning blue building smells of smoke,0
2801,A man wearing a hat and boots is digging for something in the snow.,A man is trying to get to something by digging.,1
2819,Female in a military uniform with her hair tied back.,the female is wearing a ponytail,0
2826,A woman in a striped shirt holds an infant.,A person is watching TV.,1
2873,A man in glasses and an orange shirt is sitting outside next to a table with drinks on it.,A man sits near a table with his drinks,1
2881,"There are two kilted men, one of them older and is holding bagpipes with the other one with a drum.",Two kiled men hold bagpipes,2
2885,A high school band getting ready to perform.,A high school band prepares to play in front of a large crowd.,0
2915,"Two dirt bike riders, one wearing green and the other wearing blue and white, are jumping a hill.",Two dirt bike riders are outside,1
2971,Children are playing outside in a fountain.,Some children a outside playing near the water.,1
2973,Stick figures in the middle of the street.,A drawing of a street,2
2974,Stick figures in the middle of the street.,A painting of a stick figure,1
3013,A young man at a bowling alley posing on the scoring machine.,A young man is bowling.,1
3023,Two women competing in a roller derby with several teammates and referee in the background.,Two roller derby competitors skate quickly ahead of teammates.,0
3030,A professional baseball catcher and behind him an umpire are knelt in action position and are awaiting the pitch.,There are people outdoors,1
3033,A band singing and playing electric guitar for a crowd of people.,A band is playing a concert.,0
3034,A band singing and playing electric guitar for a crowd of people.,The band is backstage.,2
3103,A couple look into the camera as the foreground is filled with balloons.,The couple is trying to figure out who the person across the street is who is holding the camera.,2
3113,Two men are laying floor tiles in a doorway.,Two men are being lazy.,2
3152,Shirtless man with long pole navigates covered boat down a palm tree lined river past a hut.,A man without a shirt is on a river.,1
3153,Four African boys playing soccer.,Some boys are in the play ground,2
3155,Four African boys playing soccer.,Some boys are running behind a ball,0
3159,The hockey players and referee are preparing for a face-off.,The players and referee are getting ready to start the match.,1
3166,A man in a green shirt and large beige hat is supervising a newsstand that sells snacks and drinks.,the woman is white,2
3172,"One girl sips a soda while another looks on, standing on a street in front of a bunch of bicycles.",A girl drinks a soda on the street in front of people,1
3174,Two young ladies walking down the street together.,The two women bundle up in winter coats as the blizzard sets in.,1
3211,A female gymnast flies off of the lower bar and is suspended in the air with her feet pointed upward.,A gymnast is in mid air.,1
3222,One man in baseball cap looks out while two men look down.,Men are gazing.,1
3226,Police are setting up a barricade due to a fire.,People in uniform are working near a fire.,1
3250,A man is holding a book standing in front of a chalkboard.,A person is in a classroom teaching.,0
3271,Many people who appear to be Asian stand in line at a train station waiting patiently for the next train.,some people standing,1
3329,"A man on a bike, with the sun beating down in the background, just launched off of a dirt ramp and is coming back down.",Cyclists competing in the Tour de France.,2
3346,"Two men stand in a lift as four others, all dressed in black and bright yellow stripes, look up on them.",Six men dressed in black and yellow uniforms are standing in a gymnasium.,0
3349,Two musicians and a singer are on a stage performing a song.,The band members are playing in a dimly lit room.,1
3429,Children playing a video game together.,The kids are indoors playing a video game.,0
3442,Two construction workers talk while looking at a Naval ship.,The workers are close to the water.,1
3466,A man wearing a welding mask working on a duct.,The man's head is partially obscured.,1
3467,A man wearing a welding mask working on a duct.,The man is working underneath a vehicle.,2
3476,A man and wife stand at the alter as they get married.,A man and woman are getting eloped,1
3493,A woman with a pink purse walks down a crowded sidewalk.,The crowd walks around a woman,1
3494,A man talking into a microphone with a woman standing next to him.,The woman is sitting in the chair next to the podium.,1
3496,A man talking into a microphone with a woman standing next to him.,Two people are standing beside each other.,1
3520,A worker is on a cherry picker in a palm tree.,A worker falls out of a tree.,1
3525,A dog chasing a duck in a pond.,A dog is swimming through a pond in pursuit of a duck.,0
3543,A little girl has her arms around a little boy standing on a wooden bridge in the woods.,The little boy is hitting the girl.,1
3558,Several people are laying on the floor sleeping covered by blankets.,A group of people fight in their dreams,1
3663,A speaker is talking with a TV in the background.,There is a live bear in the background.,1
3701,"Three black people, two men and one woman, in the middle of a small, rural street, are piling up items on top of a taxi cab with a net dangling down on top of the windshield, while two children and two other people are nearby.",Many people load up a taxi,1
3727,"A woman in an American military uniform sits at a table and writes the words ""sad,"" ""depressed,"" and ""hatred"" on a large sheet of white paper.", A woman in an American green military uniform is smiling.,2
3733,A man sitting on steps with a child as a bystander walks by.,A man and a child sitting on steps saw a woman walk by.,0
3774,An entertainers reaches out to his audience during a performance.,A man in front of an audience.,1
3813,A man in a short Mohawk and beard.,A man with a short Mohawk and beard stands outside.,0
3829,"A young redheaded girl, wearing a yellow shirt, black pants, and sneakers, jumping in a grassy field with blue skies and wispy clouds in the background.",A girl jumps in her newly cut lawn,0
3847,A boy dressed in a plaid kilt with a brown hat wields a long pole.,The boy is younger than age ten.,1
3876,A young male is running while playing tennis against another person.,A man moves while playing a game,1
3882,"Two women, standing at a fence, are each talking on their cellphones, while two men sitting on the opposite side of the fence are having a conversation.",Four people are talking to each other outside.,2
3884,"Two women, standing at a fence, are each talking on their cellphones, while two men sitting on the opposite side of the fence are having a conversation.",The two men and women are talking to people that they know.,2
3890,A lit girl splashes around in natural water.,The girl is outside.,1
3918,Two men are shirtless on the beach on a beautiful day.,Two men are shirtless.,1
3991,A brown dog persues a Frisbee across the grass as the thrower watches.,A dog plays in the park.,0
3995,A man with a white beard speaks into a microphone wearing a long-sleeved gray button down shirt.,A man is speaking to a crowd.,0
4000,A man in a gray coat is walking on a fallen tree trunk in a forest.,A young man wearing a gray winter jacket walks on a fallen oak tree.,0
4015,Two girls kissing a man with a black shirt and brown hair on the cheeks.,Two girls kiss.,2
4029,A man looking at a woman looking at water.,A man drinks beer.,1
4034,Coed choir singing at an event.,An all boys choir is singing.,2
4069,A young woman with red-hair is adjusting a blue bracelet on an older woman with short hair.,A redhead is putting a bracelet on an old woman.,1
4084,A man standing on a green boat.,He is outside.,1
4086,Artists install a new exhibit in a gallery.,People put up new art.,1
4087,Artists install a new exhibit in a gallery.,People put up new art at the towns local gallery.,0
4123,Two women wearing aprons and hairnets look at each other while they reach into metal canisters.,Two women are working.,1
4136,There are two people walking in the sand.,Two people walk across the beach.,0
4138,A woman is shaving the hair off of a black and white dog.,The tan dog is being groomed on the table.,1
4141,oh yea these suckers cant catch me.,Dog running down the street.,1
4153,A white greyhound dog wearing a muzzle runs around a track.,The dog is racing other dogs.,0
4165,A runner wearing purple strives for the finish line.,A runner in a competition want to go to the finish line.,0
4246,A man stands with his arms out inside a large green piece of equipment.,He is making office calls.,2
4278,A silhouette stands at the top of a bowling lane as the ball is about to impact the pins while neon lights race overhead.,"The bowler who just rolled in the bright, noisy alley is hoping for a strike.",0
4303,A black and white bird with a yellow beak is flying.,Bird flying outside against the sky,1
4325,Artist on street corner selling his artwork.,Someone is selling paintings.,0
4361,A man and a woman are dancing in the crowd.,a couple dances among other people,1
4396,"A woman holds a newspaper that says ""Real change"".","a woman on a street holding a newspaper that says ""real change""",0
4402,A single person stands on a heavily-eroded cliff-side rock while holding a bare branch aloft.,A single person stands on a heavily-eroded large cliff-side rock,0
4439,A bunch of people are standing all together in a street with a building in the background.,A group of people are kicking each other.,1
4444,Women are sitting around a table at a restaurant chatting.,Women are visiting.,1
4451,"Two men cooking, one stirring a pot while making a funny face while the other points at him.",Friends are preparing a meal.,0
4464,A man is painting letters using a stencil onto a round stand-up sign that is lying sideways.,A guy works on a sign by putting letters on its round surface while it's on the ground.,1
4481,Person with umbrella observes flooded streets with cars in the water.,A person is standing outside in the rain looking at flood damage.,0
4497,"Two men on stilts and a woman twirling a ribbon, lead a festive parade along the streets, while a woman looks on from her window.",Three people are on a parade float.,1
4498,A cowboy is showing off his mule next to a horse hauling trailer.,A man is showing off his prize winning mule.,0
4500,"Four men in safety gear, one holding a camera, are standing on a platform.",The men are working,0
4520,A large crowd is standing around the start line.,A lot of people are in a race,0
4529,Four young female gymnasts dressed in black and blue leotards are preparing for their next routine.,Gymnast group preparing for a competition.,0
4534,An Asian woman dressed in a colorful outfit laughing.,The woman is not laughing.,0
4580,A group of people is sitting at a large table and using paint brushes to form characters on white paper.,The people are using their fingers to paint with.,2
4592,"A bald, black man wearing safety glasses and a long-sleeved black shirt is using a pick and hammer to sculpt a sizable rock into art.",A black man with no hair is wearing his safety glasses around his neck.,1
4624,The young man is sitting on a couch smoking a cigarette.,A young man drinking a beer,1
4625,The young man is sitting on a couch smoking a cigarette.,A young man smoking a cigar,1
4680,"A small, pale bird bends down to examine a crumb.",The bird is having trouble flying.,1
4689,A man in a suit speaking to a seated woman.,A dark headed man in a suit speaking to a seated woman.,0
4706,Two people connected to ropes wearing bright orange helmets are sitting on a rocky crag high in the mountains.,People rock climb with rope.,0
4726,Man walking down a brick sidewalk in a business suit reading a paper and smoking a cigar with a woman wearing sunglasses walking behind him to his left.,The woman is a secret agent on mission to murder the man.,1
4743,a small brown and white dog swimming through the pool next to a man.,A man teaches his puppy how to swim.,0
4751,A girl playing soccer in a green field with some trees in the background.,The soccer ball is chasing the girl.,2
4773,A little boy punching out flashcards from the cardboard they came in.,A boy punches his new flashcards from the carboard they came i.,0
4782,People shopping at an outside market,People are enjoying the sunny day at the market.,0
4798,Family gathered together in a house enjoying each other company.,A family is enjoying a night at home.,0
4799,Family gathered together in a house enjoying each other company.,A family is sitting together inside a house.,1
4803,The blond boy is riding roller-coaster with his mouth wide open.,a little boy is riding a roller-coaster,1
4820,"A woman in a long, dark coat looks through trashcans in Winter.",A woman older than thirty is outside in winter.,1
4836,A bald man with a white shirt and watch eating food and drinking wine.,The man is watching t.v.,1
4887,The boy in pajama pants jumps off the sofa.,The boy is bouncing on the sofa,1
4922,A woman plays guitar for tips.,music can be learn by litsen,2
4924,A woman plays guitar for tips.,lessons are there to learn,1
4966,Here is a picture of a man waiting for the bus to pick him up and he is hiding his face.,The man is going somewhere.,1
4973,A man wearing a blue apron and long rubber boots is dragging a flotation device from a long row of flotation devices.,A man in rubber boots and a work apron is rubbing his face in between pulling floating objects.,0
5017,Three people posing for a camera,Three woman are shopping at the mall.,1
5085,Bearded black dressed male performer is displaying his skill by swinging a fire line in each hand in arcs.,A sideshow man in a black costume is performing a trick with fire for the audience.,0
5101,Two women stand in the street both wearing matching outfits with police like jackets that say Polotie.,Two women are dancing in the street wearing dresses.,1
5159,A rescue worker searches with a flashlight under a slab in a ruined building.,A survivor searches for a meal.,2
5163,A fireman searching for something using a flashlight.,A fireman is in the dark.,0
5170,There is a man poking a long stick up towards the ceiling.,The man has no arms.,1
5172,There is a man poking a long stick up towards the ceiling.,The man is killing a spider.,1
5189,A young man standing on one foot in colorful bowling shoes after throwing the ball.,A child is standing on one foot.,1
5196,Several cartoon characters are behind a young girl sitting in a highchair with a bucket and SpongeBob in front of her.,There's a gathering of cartoon characters.,1
5205,An older gentleman looks at the camera while he is building a deck.,An older gentleman in overalls looks at the camera while he is building a stained red deck in front of a house.,0
5208,The young man in the plaid shirt is sitting on a chair that is out in the yard.,A guy is relaxing outside.,1
5214,"two shirtless men jumping over a street rail, probably practicing new dance moves.",Two naked men are practicing dance moves on the street.,1
5233,A group of people sitting around a small round table eating.,The people are enjoying a meal.,1
5239,A middle-aged man in a green jacket is talking to another middle-aged man in a light blue tee-shirt.,Two old friends catching up with each other.,0
5242,A man in a blue shirt was arguing with a man in a green jacket and started to raise his fist in anger.,a man argues with another who is making threatening jeastures,0
5266,"The young Asian woman is using an umbrella, and is in front of a brightly colored patch of flowers in the back.",A woman is using a large umbrella.,0
5299,This person looks to be snowboarding on a very small pile of snow on a sunny cold day.,Young snowboarder sizing up their next jump,0
5300,This person looks to be snowboarding on a very small pile of snow on a sunny cold day.,Ski season has now begun,1
5346,The baseball players near the pitching mound are celebrating as the batsman walks away.,The batsman is on a different team than the others around the pitching mound.,0
5374,A man and a child painting a post.,The boy and his father making the post look better.,0
5380,A lady with blue jeans and a brown shirt is speaking on her cellphone on the second floor of the mall.,the lady is shpping,1
5389,a dog about to jump to catch a Frisbee,The dog is outside.,1
5426,Two men are wearing caps are looking at the ground with surprised expressions on their faces.,Two men are mud wrestling.,1
5453,Man taking photos of seagulls over the ocean.,He is at the beach.,1
5464,A man in a plaid shirt and brown pants is sitting on the sidewalk in front of some blankets while people walk by.,A man is outside.,1
5524,Several men helping each other pull in a fishing net.,There is a group of men.,1
5539,A toddler sits on a stone wall surrounded by fallen leaves.,A little child sits quietly on a hand built rock wall in autumn,0
5571,One female and two male musicians holding musical equipment.,They are musicans,0
5594,A performer plays an instrument for the audience.,The performer is making music.,1
5629,"The festivities of the Latin celebration has brought many visitors and enthusiastic, colorful, performers to the city.",Many visitors have fun at the Latin celebration.,1
5642,A man with long hair talking into a microphone as if on a stage.,A long haired man is practicing to talk into a microphone as though he is on stage.,0
5647,A person is riding their motorbike and a person in a bright yellow jacket is watching someone fall off their bike.,The other person laughed.,2
5703,"It looks like quite a sweaty, smelly dog pile over one little rugby ball, but the boys in blue seem to want it more.",A little boy looks disgusted that is ball is dirty,2
5724,Two men are assisting a small girl in a harness.,The men tying the girl up.,2
5735,A boy in a yellow shirt running by some birds.,The boy is moving very fast.,1
5742,A woman in a black top and blue skirt is pushing a carriage or cart down a long empty tree-lined road.,A woman is running with a stroller down a lot,1
5748,Two girls pose along a tree-lined path and blow kisses towards the camera.,Two girls are doing the same pose.,1
5779,"There is one man with light blue jeans on, and one with dark blue jeans on that are walking down the street.",Two men are wearing jeans for a jean advertisement.,0
5805,A girl is blowing a huge bubble.,A girl is playing.,1
5809,A small child is giving heavy metal signs,A child signing I love you.,2
5849,A shirtless man with his fishing boat.,The man doesn't like his fishing boat.,2
5869,A woman sitting in an office.,A women in a conference room,2
5891,"A sign indicates ""Dangerous Shorebreak"" on an overcast day while several people hang out on the beach.",A giant wave splashes the beach.,1
5924,Navy men stand along a red carpet and salute as their superior walks by.,Some men are waving hello and speaking to their superior.,2
5930,A man in a suit stands on a walkway with is suitcase with a large display in front of him announcing airline flights.,A man is at an airport.,0
5934,A school aged child wearing makeup and doing a hand sign sits on the ground among similar aged children who are all making the same sign.,the children are doing sign language.,1
5959,a blond woman kissing the cheek of a brown-haired man.,This woman does not know the man she is pictured with.,2
5961,a blond woman kissing the cheek of a brown-haired man.,The couple is displaying affection.,1
5976,A brown dog plays in a deep pile of snow.,A brown dog is outside and it's snowing,1
5991,Team member 39 waiting for the puck to come his way.,An ice hockey player waits to make his move.,1
6003,A woman poses for a picture with a child.,A child poses for the camera with their mother.,0
6021,"Older men and women dancing in front of a stage, a man in a white hat twirling a woman in a red flower print skirt and white shirt.",People put on a show.,1
6095,The African American man protests against unlawful sex.,The man protests in something he doesn't believe in.,1
6107,A group of young boys wearing track jackets stretch their legs on a gym floor as they sit in a circle.,A group of boys are preparing to work out.,0
6122,The man in the sailor suit is holding literature.,A man is sitting in his sailor suit.,1
6130,A man balances a unicycle using his face and both hands.,A man is using his hands.,1
6132,"An oriental woman in glasses, shooting archery.",The woman is American.,1
6158,"A man in a gray shirt and blue shorts is standing outside of an old fashioned ice cream shop named Sara's Old Fashioned Ice Cream, holding his bike up, with a wood like table, chairs, benches in front of him.",A man is riding his bike,1
6176,A skateboarder sails over white steps.,The skater jumped high over the steps.,0
6184,A happy woman quite stands in front of a business that displays a closed sign and looks very animated.,A woman stands by a business.,1
6196,A large display of artifacts are in a large room and around a very large display are six people with two people near wooden benches.,People throw things at the display,1
6220,A child making a sand castle on the beach.,A child uses their imagination.,1
6322,A long jumper takes flight in an attempt to jump the longest distance possible in a track competition.,A long jumper is jumping a hurdle.,0
6344,"A female swimmer wearing a pink costume comes out of the water in a pool, making a splash.",There is a woman swimming.,1
6393,Some folks pick out the food they want at a party.,The party-goers are perusing the buffet.,0
6401,A woman swings on a rope overlooking a red farmhouse and gated pastures and tall trees.,the woman is hanging out with her kids,2
6414,People checking out a car with all its doors open in a parking lot in the city.,People are admiring the car,1
6434,Firefighters in full gear are walking up a ladder.,The firefighers are ready to fight a fire.,0
6445,A gymnast is seen defying gravity as she performs an impressive move several feet above the parallel bars.,the gymnast is a woman,0
6499,A sculptor wearing yellow headphones is cutting stone.,The man is an artist.,1
6552,A man playing a large stringed instrument on the street.,There is a man entertaining outdoors.,1
6562,Two girls stand in front of two men selling what appears to be concert merchandise while a woman holding a microphone interviews the men behind the merchandise counter.,people are standing in line at a concert,0
6566,A young girl is laughing and chasing pigeons on the street where other people are walking nearby.,A young girl chases some birds.,2
6607,A man with a striped black and white shirt and a helmet cleans wooden floor while another one helps him on the background.,The man is referring a floor cleaner battle.,2
6617,Two men are sitting in a restaurant while one of them holds a piece of paper up to the camera.,He takes a photo of the piece of paper.,0
6632,A white and brown dog is standing on its back legs next to a woman and a table with a gingerbread house on it.,The dog is decorating the gingerbread house.,2
6671,A bald man is getting out of a small blue car.,The man drives a blue car.,1
6675,A man pushing a hand-truck of boxes is bending over to pick up a pear.,A happy man is picking up a pear.,0
6677,A man pushing a hand-truck of boxes is bending over to pick up a pear.,A man is pushing a pear and picking up boxes.,2
6725,A crowd of people in winter garb gather in the street against a backdrop of bare trees and snow.,It is cold and snowy outside.,1
6758,A couple is taking a break from bicycling.,two people park their bikes.,1
6763,A man with a cowboy hat and a gentleman with sunglasses on his head are seated next to each other.,The very differently dressed men sit next to each other,1
6779,A person strolling through an orange tinted woods with a dog.,They are walking their dog.,0
6894,A boy with no shirt is standing in water.,He is outside.,1
6945,A man laying down in middle of street during heavy traffic.,A person has lost it by laying down in a busy street while there is bad traffic.,0
6995,a girl wearing pink pulls weeds.,The girl is destroying plant life.,0
7008,Two young boys playing with ducks near the water.,Two young friends play with ducks,0
7013,A man wearing red swim trunks and a red swimming cap is diving off a cliff.,The man is attempting suicide.,2
7021,"Two people kickboxing, with others spectating.",Two people fighting each other,0
7026,A man wearing a blue jacket fishing in a river having a conversation with his friend with no shirt.,"Men talking, while catching fish.",1
7040,Women is small tops and skirts pose for the camera.,The women are dressed nicely.,1
7057,"A photographer is taking photos of a hockey game, but he is protecting himself from harm by wearing a helmet.",A photographer is taking many photos of a hockey game,0
7101,A woman wearing a red helmet is holding a rope and smiling.,A female acrobat is walking across a tightrope at the circus.,2
7104,A man with a pinstriped shirt and tan slacks adjust his tie while looking at a apple laptop computer.,A man adjusts his new tie in front of a laptop,0
7130,Children are petting small turtles in the grass.,The turtles are walking across the grass.,1
7143,A police person is on a motorcycle on the side of a street.,A person is on a bike.,2
7186,A member of the army is walking with a German Shepard while the dog has something in has mouth.,A member of the army walks his dog.,1
7188,A member of the army is walking with a German Shepard while the dog has something in has mouth.,A member of the army practices his sniping skills.,2
7215,A man in a hard hat looks intimidated.,He is working in a potentially dangerous field that requires a hard hat.,0
7223,"Children, including one with a painted face, pet tiny turtles that are crawling in the green grass.",Turtles are crawling in the white grass.,0
7242,Two girls looking into camera and smiling,Two happy girls get their pictures taken.,1
7264,The gentleman is speaking while the others are listening.,The man is being given respect.,0
7289,Two friends having a laugh.,Two friends are having a picnic.,2
7319,A crowd of people stand in street in front of a series of white tents.,A crowd of people pick through produce at Farmer's Market.,1
7327,A boy in a blue shirt plays in a jumping tent.,Rent your own bouncy house today,1
7328,A boy in a blue shirt plays in a jumping tent.,Here we see a wild boy in his natural enviroment.,2
7332,Elderly woman climbing up the stairs.,The old lady was walking.,1
7355,"A woman in a blue uniform, with long curly red-hair, looking at her horse before the race.",The horse has four legs,0
7358,The skateboarder is jumping his board in the air while another skateboarder watches.,A skateboarder is jumping while the other is sitting.,1
7368,Twenty five people are marching.,A man plays the trombone on the sidewalk.,1
7369,Twenty five people are marching.,A marching crowd goes down the street.,1
7388,A young boy holding a pumpkin in the middle of a pumpkin patch.,A child is holding something orange.,0
7400,two women in lingerie with green feathers around waist,Two women don't wear much clothing.,0
7416,"A young woman dressed up semi-formally is reading book and drinking in the sun, seated on a bench.",A young woman reads near the ocean.,0
7440,A solo cyclist is riding down a windy road.,The cyclist falls down the windy road,1
7501,an older man wearing a suit has his arms folded behind his back and looking in a store window.,Gentleman window shops.,1
7522,Two men are fixing the side of an old brick building.,Construction workers at a job.,1
7530,"A person sitting on the corner, wrapped in a blanket in front of a metal door.",The person is sitting on the floor.,1
7539,A man and women sleeping outside on a bench.,A man and women sleeping together outside on a park bench.,0
7549,One lady is looking at a blue box while the shorter lady is looking at something on her phone at the grocery store.,one lady looks at a product while another looks the product up on her phone,1
7562,A kid dressed in a long-sleeve shirt with a jersey numbered 11 is passing a bar to a boy in a jersey numbered 12 during a relay race.,A team of youths race to finish first in a relay race on a beach.,0
7586,A dog opens its mouth to catch a blue and yellow toy.,A dog is running to catch a colorful ball,0
7600,a big black dog jumps in the air to catch the tennis ball in his mouth.,A dog is outdoors.,1
7611,A man is celebrating his victory while smiling and shooting champagne in the air with his teammate.,A man is happily celebrating his victory while smiling and shooting champagne in the air,0
7643,"A man wearing a black sweater and a knit cap sits in front of mountain scenery, with a cloudy sky overhead.",A man has hair.,1
7705,"A blond headed child in yellow boots and yellow jacket vest playing in the gravel with his pail, shovel and trucks.",A blonde girl is playing.,0
7711,A woman in a white tennis outfit is jumping up to hit the ball.,women playing,1
7782,A little boy with a red baseball cap is on a bus with boys with yellow baseball caps on.,There are people watching the bus pass by,2
7784,A young boy in a straw hat drinks out of a plastic pink cup.,A kid is holding a soda can and walking through the park.,1
7786,"A man in a leaf-patterned short stand behind a sunflower, smiling at the camera.",The man is outdoors.,1
7807,A large group of people gather at a piano bar.,A large group going out,0
7815,A historic-looking building.,An older building,1
7827,The man walks among the large trees.,The mas is walking next to dogs.,2
7853,Painter re-creates old works of art in a museum.,A painter creating an original work of art.,2
7878,A runner in a black and blue uniform competes in a race.,he is running against a group of people,0
7909,A man pointing into the ear wearing a striped shirt in a small boat filled with many people.,A man is pointing into the ear and wearing a light striped shirt.,0
7915,A firefighter climbs up a ladder towards flames while surrounded by smoke.,The firefighter can't enter the building.,1
7916,A firefighter climbs up a ladder towards flames while surrounded by smoke.,A firefighter starts a fire.,2
7918,"Two men in suits standing in front of a bus, one is wearing a medal.",The men are standing in a parking garage.,1
7927,"Rider in ceremonial garb rides white Arabian horse, also wearing ceremonial blankets and tassels.",Pets galloping down the street.,1
7928,"Rider in ceremonial garb rides white Arabian horse, also wearing ceremonial blankets and tassels.",A traditionally dressed horse and rider at a parade.,0
7937,An accordion player with a bright colored shirt sitting outside in a chair with a young man in a blue t-shirt passing by.,A young man is walking.,0
7945,Men sitting at a table in a church.,The men pray at the alters.,2
7950,A man with a blue and white backpack and black jeans and jacket walks by a large monument surrounded by a gray fence.,There is a statue behind a person.,1
7955,A man with a gray beard and a little boy are sitting on the floor looking over some papers in a room with a bunk bed.,The man and boy are in a bedroom.,1
7972,A yellow backhoe near a large pile of dirt and rocks near a blue machine with a worker standing on it.,A worker is on a break.,2
8079,A soccer player in white kicks a ball as another soccer player lunges towards the ball and a third soccer player in red follows close by.,The players are all trying to get the ball from the opposing team.,0
8085,A mom and her boy are riding in a bumper car.,The mom and boy are at an amusement park.,0
8115,a young couple both wearing white shirts and blue jeans standing in a light misty rain,A couple hang out on the beach.,1
8151,"A man wearing a purple cap, yellow snow goggles, a periwinkle jacket and red backpack moves quickly through powdery snow near a winter tree.",The man is making a snow angel.,2
8166,Five young indian girls dress in colorful dresses are holding hands and smiling forming a circle,Five girls are wearing different colored dresses.,1
8172,"two girls looking out the window at ""Hair at Hart.""",Two kids wait for their mom to finish her hair appointment.,0
8176,An American wrestler in a purple singlet wrestlers an opponent.,One wrestler is wearing green.,1
8210,A baby with a green bottom and red top lying in bed with a brown and white cat and also a black and white cat.,The person is crying near some animals.,2
8254,"A man wearing a black t-shirt that says ""Long Live the Dead"" pulls a shopping cart in the street near a NYC yellow taxi cab.",A man is wearing a clever shirt.,0
8259,A young male wearing a blue hat turned backwards and slightly sideways with a cigarette in his mouth.,A man is wearing a cowboy hat.,2
8261,Three young women perform a dance in a crowded hall.,Three young women are performing in front of a big audience.,0
8273,"A young boy, wearing a jesters hat is enjoying himself sledding.",A boy wearing a goofy hat is sledding by himself.,0
8275,A man in a red shirt is learning how to climb a cliff.,A man is acquiring information.,1
8277,A man in a red shirt is learning how to climb a cliff.,A man is teaching himself how to climb.,1
8282,A young man blew up balloons to craft into animals for the seven excited children that looked on.,The children watch the man make dogs and giraffes out of balloons,0
8289,An enthusiastic boy pushes a shopping cart containing a smiling boy.,A boy is walking on the street,1
8314,Two men are making hand gestures and posing for a picture.,The men are standing in total darkness.,1
8340,A little girl in a pink dress crying.,An upset little girl is throwing a tantrum.,0
8405,A man wearing an orange shirt and sunglasses jogging in a marathon with spectators spectating him.,A man competes in a long distance run.,1
8442,A white dog holds a tennis ball in its mouth in a field.,The dog is chasing after a rolling tennis ball.,2
8451,A small child dressed for winter stares across a lake while leaning on a mesh fence in a scenic park setting.,A small child dressed for winter stares across a floating lake while leaning on a mesh fence,0
8453,A small child dressed for winter stares across a lake while leaning on a mesh fence in a scenic park setting.,A small child dressed for winter stares across a large lake while leaning on a mesh fence,0
8550,A man in a business suit has just crossed the street.,The man is walking.,1
8577,A tennis player in a pink outfit serves the ball to her opponent.,The girl hits the ball to her coach.,1
8589,A man is performing for a group in front of a white house.,The man performed in front of his own house.,1
8646,Two women are eating lollipops- the blond woman is wearing a button and the one with brown hair and a scarf has her eyes closed.,Two sisters are eating cotton candy.,2
8671,A young redheaded girl in a blue shirt is walking and talking with a boy in black Pearl Jam shirt.,A couple of young people hanging out.,1
8684,Sexy young men stand on a balcony having a heated conversation.,Young men are arguing.,0
8719,Politician John McCain on a talk show.,John McCain is hosting a talk show.,2
8729,A young Asian child stands at the top of some steps and does n't seem to notice the person taking their picture.,A child notices his mom taking a picture.,2
8748,Three people are outside.,Two people standing.,1
8756,Two young boys are playing in a fountain in a city plaza.,Kids are splashing around in a fountain.,0
8822,People wearing sombreros drink shots happily.,Fiesta time!,0
8838,A woman in a purple jacket walks by two elderly men outside a cafe.,Two elderly men cat calling at a woman.,1
8852,A black dog is swimming with a ball in his mouth.,A black dog found a ball in the water and is bring it back to its owner.,0
8863,two samoyads play in the snow.,It is snowy outside.,1
8889,A male baseball player for the baseball team The Indians prepares to catch a ball.,The male baseball player belongs to the Cleveland Indians.,0
8977,A man in an argyle shirt bends down to look at the goodies through the glass in an Asian shop.,The adult is shopping for a gift.,0
8986,"A man in khakis sitting at a table with a sign that reads ""poet for hire.""",The male is a poet.,0
9030,"A skier being helped onto a red stretcher by three men, while two other men and a woman prepare to help.",An injured skier being taken for medical help,0
9078,"Stretching high in the air, the player in the black shirt reaches for the football as the other stretches toward him to steal it away.",A football game is being played.,1
9123,A young woman is wearing a paper crown at an outdoor event.,the woman is at a ski lodge,2
9126,A man is spinning a little girl in the air above his head.,A man is carrying a little girl off the ground.,0
9149,A woman is observing pictures on a camera.,A women purchasing a new camera from the store.,1
9186,a man with a cap and not wearing shirt is laying a wooden bench.,A person rests on seat,1
9188,A woman in a gray shirt is looking at something.,A woman in a gray shirt looking onward.,1
9251,A teenage girl in a crowd of people looking up at something.,no one saw the rainbow in the sky,1
9269,A little kid in the middle of a debris field is kicking a soccer ball.,A boy is getting filthy while playing in the wreckage of a fallen building.,2
9270,A little kid in the middle of a debris field is kicking a soccer ball.,A child is exercising among garbage.,2
9309,"A man wearing a green apron, working at a street side vendor called NY Dosas, miles at the camera.",A street vendor is smiling at a camera.,0
9312,A boy plays basketball.,The boy is on a basketball court.,1
9314,A boy jumps on the beach.,A boy collapses on top of the sand castle he just built.,1
9328,"A young girl in a pink bikini jumps into the air on a sandy beach by the ocean, as two other children play in the sand.",The children there together.,1
9340,Child getting ready to go down a slide.,The child will go down the slide.,1
9354,A dog jumping over a beam,An animal is outdoors.,1
9400,A boy dressed for summer in a green shirt and kahki shorts extends food to a reindeer in a petting zoo.,A boy dressed for summer in a tight green shirt and kahki shorts,0
9402,A boy dressed for summer in a green shirt and kahki shorts extends food to a reindeer in a petting zoo.,A boy alien dressed for summer in a green shirt and kahki shorts,0
9410,A baseball player in the act of pick up a baseball with his hand.,A baseball player playing in a game.,0
9414,A young boy in suspenders.,The boy has suspenders attached to his pants.,0
9439,A lab dog is standing on a fallen tree trunk with a guy in the background.,there is a guy carrying his pet with him near fallen tree,2
9440,A man in suit waiting for the green light.,A man waits at a red light.,0
9467,A group of young men in a gym take turns scoring in basketball.,Guys are playing shirts vs skins.,1
9479,Swimming in the wide blue ocean.,The ocean swims in the blue wideness.,2
9488,Three children in a black dog kennel.,There are dogs in the kennel.,2
9490,Three children in a black dog kennel.,Kids are in a cage.,1
9499,Two people using a water buffalo to cultivate a watery field.,A couple is farming with their pet buffalo.,0
9606,"The young girl is swinging on a swing, and her hair is flying out behind her.",A girl is playing outside on a swing.,1
9620,A man in a striped shirt standing behind a large pile of fruits.,a man stands in front of a small banana pile,1
9647,A young man dressed up with a yellow tie jumps against a wall and one foot is left against the wall to push away.,The young man dressed with a yellow tie is dancing at a party.,1
9660,A golden dog bounds across the snow-covered hill.,A golden animal bounds across the snow-covered plateau.,1
9666,A man wearing a white shirt and blue jeans as well as a mask over his mouth stokes a fire.,A guy in cloth pants and shirt is wearing something on his face to protect hist lungs puts out a fire.,2
9686,"A man wearing black pants, an orange and brown striped shirt, and a black bandanna in a ""just thrown a bowling ball"" stance.",The bandana is expensive.,2
9730,"A woman poses with sunglasses shaped like dollar signs and a silver suitcase labelled ""LUCKY"" full of bills.",A woman is posing for a photograph.,0
9755,A man and a woman embracing on the sidewalk.,A woman and a man block the entire sidewalk.,1
9771,"two male's in a karate class, one who is in the air with a blue and orange belt and one who is about to get kicked in the face.",two people do jump kicks,2
9786,A little boy is getting is birthday cake and is blowing out the candles.,A child at a party.,1
9789,A group of girls jumping over another girl who is laying on the floor.,A gorup of girl is laying down.,2
9800,A older man in a hat is playing a accordion on the street while sitting in a chair.,A busker is wearing a hat.,1
9817,A female dancer wearing all white dancing while a photographer wearing all white takes her picture.,A girl is dancing and anothe man take a photo,1
